RADAR,DATE,SEASON,download?,STATUS,CONTAMINATION_TYPE,SCREENER,APPROXIMATE_SAMPLING_TIME,COMMENTS
KBBX,11/1/2008,Winter,n,C,P,JW, , 
KBBX,11/2/2008,Winter,n,C,P,JW, , 
KBBX,11/3/2008,Winter,n,C,P,JW, , 
KBBX,11/4/2008,Winter,n,C,P,JW, , 
KBBX,11/5/2008,Winter,n,C,P,JW, , 
KBBX,11/6/2008,Winter,y,B, ,JW,1:27:00, 
KBBX,11/7/2008,Winter,y,B, ,JW,1:22:00, 
KBBX,11/8/2008,Winter,n,C,P,JW, , 
KBBX,11/9/2008,Winter,y,B, ,JW,1:21:00, 
KBBX,11/10/2008,Winter,y,B, ,JW,1:24:00, 
KBBX,11/11/2008,Winter,y,B, ,JW,1:20:00, 
KBBX,11/12/2008,Winter,y,B, ,JW,1:20:00, 
KBBX,11/13/2008,Winter,y,B, ,JW,1:22:00, 
KBBX,11/14/2008,Winter,y,B, ,JW,1:20:00, 
KBBX,11/15/2008,Winter,y,B, ,JW,1:20:00, 
KBBX,11/16/2008,Winter,y,B, ,JW,1:15:00, 
KBBX,11/17/2008,Winter,y,B, ,JW,1:14:00, 
KBBX,11/18/2008,Winter,y,B, ,JW,1:19:00, 
KBBX,11/19/2008,Winter,y,B, ,JW,1:20:00, 
KBBX,11/20/2008,Winter,y,B, ,JW,1:23:00, 
KBBX,11/21/2008,Winter,y,B, ,JW,1:23:00, 
KBBX,11/22/2008,Winter,y,B, ,JW,1:20:00, 
KBBX,11/23/2008,Winter,y,B, ,JW,1:18:00, 
KBBX,11/24/2008,Winter,y,B, ,JW,1:10:00, 
KBBX,11/25/2008,Winter,n,C,P,JW, , 
KBBX,11/26/2008,Winter,n,C,P,JW, , 
KBBX,11/27/2008,Winter,y,B, ,JW,1:22:00, 
KBBX,11/28/2008,Winter,y,B, ,JW,1:22:00, 
KBBX,11/29/2008,Winter,n,C,AP,JW, , 
KBBX,11/30/2008,Winter,n,C,AP,JW, , 
KBBX,12/1/2008,Winter,y,B, ,JW,1:22:00, 
KBBX,12/2/2008,Winter,n,C,AP,JW, , 
KBBX,12/3/2008,Winter,y,B, ,JW,1:14:00, 
KBBX,12/4/2008,Winter,n,C,AP,JW, , 
KBBX,12/5/2008,Winter,n,C,AP,JW, , 
KBBX,12/6/2008,Winter,n,C,AP,JW, , 
KBBX,12/7/2008,Winter,n,C,AP,JW, , 
KBBX,12/8/2008,Winter,y,B, ,JW,1:19:00, 
KBBX,12/9/2008,Winter,n,C,AP,JW, , 
KBBX,12/10/2008,Winter,n,ND, ,JW, ,no data at time of exodus
KBBX,12/11/2008,Winter,y,B, ,JW,1:16:00, 
KBBX,12/12/2008,Winter,n,C,P,JW, , 
KBBX,12/13/2008,Winter,n,C,P,JW, , 
KBBX,12/14/2008,Winter,n,C,P,JW, , 
KBBX,12/15/2008,Winter,n,C,P,JW, , 
KBBX,12/16/2008,Winter,n,C,P,JW, , 
KBBX,12/17/2008,Winter,y,B, ,JW,1:20:00, 
KBBX,12/18/2008,Winter,n,C,P,JW, , 
KBBX,12/19/2008,Winter,y,B, ,JW,1:19:00, 
KBBX,12/20/2008,Winter,n,C,P,JW, , 
KBBX,12/21/2008,Winter,n,C,P,JW, , 
KBBX,12/22/2008,Winter,n,C,P,JW, , 
KBBX,12/23/2008,Winter,n,C,AP,JW, , 
KBBX,12/24/2008,Winter,n,C,P,JW, , 
KBBX,12/25/2008,Winter,n,C,P,JW, , 
KBBX,12/26/2008,Winter,n,C,P,JW, , 
KBBX,12/27/2008,Winter,n,C,P,JW, , 
KBBX,12/28/2008,Winter,y,B, ,JW,1:20:00, 
KBBX,12/29/2008,Winter,y,B, ,JW,1:23:00, 
KBBX,12/30/2008,Winter,y,B, ,JW,1:24:00, 
KBBX,12/31/2008,Winter,n,C,AP,JW, , 
KBBX,1/1/2009,Winter,n,NB, ,JW, ,doesn't look like anything taking off
KBBX,1/2/2009,Winter,y,B, ,JW,1:18:00, 
KBBX,1/3/2009,Winter,y,B, ,JW,1:24:00, 
KBBX,1/4/2009,Winter,n,C,AP,JW, , 
KBBX,1/5/2009,Winter,n,C,CL,JW, , 
KBBX,1/6/2009,Winter,y,B, ,JW,1:27:00, 
KBBX,1/7/2009,Winter,n,C,AP,JW, , 
KBBX,1/8/2009,Winter,y,B, ,JW,1:28:00, 
KBBX,1/9/2009,Winter,n,C,AP,JW, , 
KBBX,1/10/2009,Winter,n,C,AP,JW, , 
KBBX,1/11/2009,Winter,n,C,AP,JW, , 
KBBX,1/12/2009,Winter,n,C,AP,JW, , 
KBBX,1/13/2009,Winter,n,C,AP,JW, , 
KBBX,1/14/2009,Winter,n,C,AP,JW, , 
KBBX,1/15/2009,Winter,n,C,AP,JW, , 
KBBX,1/16/2009,Winter,n,C,P,JW, , 
KBBX,1/17/2009,Winter,y,B, ,JW,1:37:00, 
KBBX,1/18/2009,Winter,n,C,AP,JW, , 
KBBX,1/19/2009,Winter,y,B, ,JW,1:38:00, 
KBBX,1/20/2009,Winter,y,B, ,JW,1:39:00, 
KBBX,1/21/2009,Winter,n,C,P,JW, , 
KBBX,1/22/2009,Winter,n,C,CL,JW, , 
KBBX,1/23/2009,Winter,n,C,P,JW, , 
KBBX,1/24/2009,Winter,n,C,P,JW, , 
KBBX,1/25/2009,Winter,n,C,P,JW, , 
KBBX,1/26/2009,Winter,y,B, ,JW,1:43:00, 
KBBX,1/27/2009,Winter,y,B, ,JW,1:45:00, 
KBBX,1/28/2009,Winter,y,B, ,JW,1:48:00, 
KBBX,1/29/2009,Winter,y,B, ,JW,1:49:00, 
KBBX,1/30/2009,Winter,y,B, ,JW,1:50:00, 
KBBX,1/31/2009,Winter,y,B, ,JW,1:51:00, 
KBBX,2/1/2009,Winter,y,B, ,JW,1:52:00, 
KBBX,2/2/2009,Winter,y,B, ,JW,1:50:00, 
KBBX,2/3/2009,Winter,y,B, ,JW,1:55:00, 
KBBX,2/4/2009,Winter,y,B, ,JW,1:51:00, 
KBBX,2/5/2009,Winter,n,C,P,JW, , 
KBBX,2/6/2009,Winter,n,C,P,JW, , 
KBBX,2/7/2009,Winter,y,B, ,JW,2:05:00, 
KBBX,2/8/2009,Winter,n,C,P,JW, , 
KBBX,2/9/2009,Winter,n,C,P,JW, , 
KBBX,2/10/2009,Winter,n,C,P,JW, , 
KBBX,2/11/2009,Winter,n,C,P,JW, , 
KBBX,2/12/2009,Winter,n,C,P,JW, , 
KBBX,2/13/2009,Winter,n,C,P,JW, , 
KBBX,2/14/2009,Winter,n,C,P,JW, , 
KBBX,2/15/2009,Winter,n,C,P,JW, , 
KBBX,2/16/2009,Winter,n,C,P,JW, , 
KBBX,2/17/2009,Winter,n,C,P,JW, , 
KBBX,2/18/2009,Winter,n,C,AP,JW, , 
KBBX,2/19/2009,Winter,n,C,AP,JW, , 
KBBX,2/20/2009,Winter,n,C,AP,JW, , 
KBBX,2/21/2009,Winter,n,C,P,JW, , 
KBBX,2/22/2009,Winter,n,C,P,JW, , 
KBBX,2/23/2009,Winter,n,C,P,JW, , 
KBBX,2/24/2009,Winter,n,C,AP,JW, , 
KBBX,2/25/2009,Winter,n,C,P,JW, , 
KBBX,2/26/2009,Winter,n,C,P,JW, , 
KBBX,2/27/2009,Winter,n,C,AP,JW, , 
KBBX,2/28/2009,Winter,y,B, ,JW,2:20:00, 
KBBX,11/1/2009,Winter,n,C,AP,JW,1:21:00, 
KBBX,11/2/2009,Winter,y,B, ,JW,1:23:00, 
KBBX,11/3/2009,Winter,y,B, ,JW,1:22:00, 
KBBX,11/4/2009,Winter,y,B, ,JW,1:20:00, 
KBBX,11/5/2009,Winter,n,C,P,JW, , 
KBBX,11/6/2009,Winter,n,C,P,JW, , 
KBBX,11/7/2009,Winter,y,B, ,JW,1:29:00, 
KBBX,11/8/2009,Winter,y,B, ,JW,1:21:00, 
KBBX,11/9/2009,Winter,n,C,P,JW, , 
KBBX,11/10/2009,Winter,y,B, ,JW,1:11:00, 
KBBX,11/11/2009,Winter,n,C,P,JW, , 
KBBX,11/12/2009,Winter,y,B, ,JW,1:18:00, 
KBBX,11/13/2009,Winter,n,C,P,JW, , 
KBBX,11/14/2009,Winter,y,B, ,JW,1:24:00, 
KBBX,11/15/2009,Winter,y,B, ,JW,1:17:00, 
KBBX,11/16/2009,Winter,y,B, ,JW,1:20:00, 
KBBX,11/17/2009,Winter,n,C,P,JW, , 
KBBX,11/18/2009,Winter,y,B, ,JW,1:25:00, 
KBBX,11/19/2009,Winter,y,B, ,JW,1:22:00, 
KBBX,11/20/2009,Winter,n,C,P,JW, , 
KBBX,11/21/2009,Winter,n,C,P,JW, , 
KBBX,11/22/2009,Winter,n,ND, ,JW, , 
KBBX,11/23/2009,Winter,y,B, ,JW,1:21:00, 
KBBX,11/24/2009,Winter,n,C,AP,JW, , 
KBBX,11/25/2009,Winter,n,C,AP,JW, , 
KBBX,11/26/2009,Winter,y,B, ,JW,1:19:00, 
KBBX,11/27/2009,Winter,n,C,P,JW, , 
KBBX,11/28/2009,Winter,y,B, ,JW,1:16:00, 
KBBX,11/29/2009,Winter,y,B, ,JW,1:18:00, 
KBBX,11/30/2009,Winter,y,B, ,JW,1:20:00, 
KBBX,12/1/2009,Winter,y,B, ,JW,1:14:00, 
KBBX,12/2/2009,Winter,y,B, ,JW,1:17:00, 
KBBX,12/3/2009,Winter,y,B, ,JW,1:21:00, 
KBBX,12/4/2009,Winter,y,B, ,JW,1:15:00, 
KBBX,12/5/2009,Winter,y,B, ,JW,1:20:00, 
KBBX,12/6/2009,Winter,n,C,P,JW, , 
KBBX,12/7/2009,Winter,y,B, ,JW,1:16:00, 
KBBX,12/8/2009,Winter,y,B, ,JW,1:11:00, 
KBBX,12/9/2009,Winter,y,B, ,JW,1:13:00, 
KBBX,12/10/2009,Winter,n,C,P,JW, , 
KBBX,12/11/2009,Winter,n,C,P,JW, , 
KBBX,12/12/2009,Winter,n,C,P,JW, , 
KBBX,12/13/2009,Winter,n,C,P,JW, , 
KBBX,12/14/2009,Winter,n,C,P,JW, , 
KBBX,12/15/2009,Winter,n,C,P,JW, , 
KBBX,12/16/2009,Winter,y,B, ,JW,1:18:00, 
KBBX,12/17/2009,Winter,n,C,P,JW, , 
KBBX,12/18/2009,Winter,y,B, ,JW,1:19:00, 
KBBX,12/19/2009,Winter,n,C,CL,JW, , 
KBBX,12/20/2009,Winter,n,C,P,JW, , 
KBBX,12/21/2009,Winter,n,C,P,JW, , 
KBBX,12/22/2009,Winter,y,B, ,JW,1:19:00, 
KBBX,12/23/2009,Winter,y,B, ,JW,1:22:00, 
KBBX,12/24/2009,Winter,y,B, ,JW,1:27:00, 
KBBX,12/25/2009,Winter,y,B, ,JW,1:22:00, 
KBBX,12/26/2009,Winter,n,C,P,JW, , 
KBBX,12/27/2009,Winter,n,C,P,JW, , 
KBBX,12/28/2009,Winter,n,C,P,JW, , 
KBBX,12/29/2009,Winter,n,C,P,JW, , 
KBBX,12/30/2009,Winter,y,B, ,JW,1:25:00, 
KBBX,12/31/2009,Winter,n,C,P,JW, , 
KBBX,1/1/2010,Winter,n,C,P,JW, , 
KBBX,1/2/2010,Winter,y,B, ,JW,1:27:00, 
KBBX,1/3/2010,Winter,n,ND, ,JW, , 
KBBX,1/4/2010,Winter,n,ND, ,JW, , 
KBBX,1/5/2010,Winter,y,B, ,JW,1:32:00, 
KBBX,1/6/2010,Winter,n,ND, ,JW, , 
KBBX,1/7/2010,Winter,y,B, ,JW,1:22:00, 
KBBX,1/8/2010,Winter,n,C,P,JW, , 
KBBX,1/9/2010,Winter,n,ND, ,JW, , 
KBBX,1/10/2010,Winter,n,ND, ,JW, , 
KBBX,1/11/2010,Winter,n,ND, ,JW, , 
KBBX,1/12/2010,Winter,n,C,P,JW, , 
KBBX,1/13/2010,Winter,y,B, ,JW,1:33:00, 
KBBX,1/14/2010,Winter,n,C,P,JW, , 
KBBX,1/15/2010,Winter,n,ND, ,JW, , 
KBBX,1/16/2010,Winter,n,C,P,JW, , 
KBBX,1/17/2010,Winter,n,C,P,JW, , 
KBBX,1/18/2010,Winter,n,C,P,JW, , 
KBBX,1/19/2010,Winter,n,C,P,JW, , 
KBBX,1/20/2010,Winter,n,C,P,JW, , 
KBBX,1/21/2010,Winter,n,C,P,JW, , 
KBBX,1/22/2010,Winter,n,C,P,JW, , 
KBBX,1/23/2010,Winter,n,C,P,JW, , 
KBBX,1/24/2010,Winter,n,C,P,JW, , 
KBBX,1/25/2010,Winter,n,C,P,JW, , 
KBBX,1/26/2010,Winter,n,ND, ,JW, , 
KBBX,1/27/2010,Winter,n,ND, ,JW, , 
KBBX,1/28/2010,Winter,y,B, ,JW,1:49:00, 
KBBX,1/29/2010,Winter,n,C,P,JW, , 
KBBX,1/30/2010,Winter,n,ND, ,JW, , 
KBBX,1/31/2010,Winter,y,B, ,JW,1:55:00, 
KBBX,2/1/2010,Winter,n,C,P,JW, , 
KBBX,2/2/2010,Winter,n,C,P,JW, , 
KBBX,2/3/2010,Winter,y,B, ,JW,1:59:00, 
KBBX,2/4/2010,Winter,n,C,P,JW, , 
KBBX,2/5/2010,Winter,n,C,P,JW, , 
KBBX,2/6/2010,Winter,n,C,P,JW, , 
KBBX,2/7/2010,Winter,y,B, ,JW,2:02:00, 
KBBX,2/8/2010,Winter,n,C,P,JW, , 
KBBX,2/9/2010,Winter,y,B, ,JW,2:07:00, 
KBBX,2/10/2010,Winter,n,C,AP,JW, , 
KBBX,2/11/2010,Winter,n,C,P,JW, , 
KBBX,2/12/2010,Winter,y,B, ,JW,2:06:00, 
KBBX,2/13/2010,Winter,y,B, ,JW,2:09:00, 
KBBX,2/14/2010,Winter,n,C,P,JW, , 
KBBX,2/15/2010,Winter,n,C,AP,JW, , 
KBBX,2/16/2010,Winter,n,C,AP,JW, , 
KBBX,2/17/2010,Winter,n,C,AP,JW, , 
KBBX,2/18/2010,Winter,n,C,AP,JW, , 
KBBX,2/19/2010,Winter,y,B, ,JW,2:13:00, 
KBBX,2/20/2010,Winter,y,B, ,JW,2:11:00, 
KBBX,2/21/2010,Winter,n,C,P,JW, , 
KBBX,2/22/2010,Winter,y,B, ,JW,2:18:00, 
KBBX,2/23/2010,Winter,n,C,P,JW, , 
KBBX,2/24/2010,Winter,n,C,P,JW, , 
KBBX,2/25/2010,Winter,n,C,P,JW, , 
KBBX,2/26/2010,Winter,n,C,P,JW, , 
KBBX,2/27/2010,Winter,y,B, ,JW,2:29:00, 
KBBX,2/28/2010,Winter,n,C,AP,JW, , 
KBBX,11/1/2010,Winter,n,C,AP,JW, , 
KBBX,11/2/2010,Winter,n,C,AP,JW, , 
KBBX,11/3/2010,Winter,n,ND, ,JW,1:19:00,only data at 0.5 and 1.5 elevations
KBBX,11/4/2010,Winter,n,ND, ,JW,1:25:00,only data at 0.5 and 1.5 elevations
KBBX,11/5/2010,Winter,y,B, ,JW,1:18:00,may have some corrupt files that prevent processing
KBBX,11/6/2010,Winter,y,B, ,JW,1:24:00, 
KBBX,11/7/2010,Winter,n,C,P,JW, , 
KBBX,11/8/2010,Winter,n,ND, ,JW, , 
KBBX,11/9/2010,Winter,n,C,P,JW, , 
KBBX,11/10/2010,Winter,y,B, ,JW,1:32:00, 
KBBX,11/11/2010,Winter,y,B, ,JW,1:24:00, 
KBBX,11/12/2010,Winter,y,B, ,JW,1:25:00, 
KBBX,11/13/2010,Winter,y,B, ,JW,1:28:00, 
KBBX,11/14/2010,Winter,y,B, ,JW,1:23:00, 
KBBX,11/15/2010,Winter,y,B, ,JW,1:25:00, 
KBBX,11/16/2010,Winter,y,B, ,JW,1:22:00, 
KBBX,11/17/2010,Winter,y,B, ,JW,1:12:00,may have some corrupt files that prevent processing
KBBX,11/18/2010,Winter,y,B, ,JW,1:17:00, 
KBBX,11/19/2010,Winter,n,C,P,JW, , 
KBBX,11/20/2010,Winter,n,C,P,JW, , 
KBBX,11/21/2010,Winter,n,C,P,JW, , 
KBBX,11/22/2010,Winter,n,C,P,JW, , 
KBBX,11/23/2010,Winter,y,B, ,JW,1:20:00, 
KBBX,11/24/2010,Winter,y,B, ,JW,1:24:00, 
KBBX,11/25/2010,Winter,y,B, ,JW,1:22:00, 
KBBX,11/26/2010,Winter,n,C,P,JW, , 
KBBX,11/27/2010,Winter,n,C,P,JW, , 
KBBX,11/28/2010,Winter,y,B, ,JW,1:15:00, 
KBBX,11/29/2010,Winter,y,B, ,JW,1:18:00, 
KBBX,11/30/2010,Winter,n,C,P,JW, , 
KBBX,12/1/2010,Winter,n,C,P,JW, , 
KBBX,12/2/2010,Winter,n,C,P,JW, , 
KBBX,12/3/2010,Winter,n,C,P,JW, , 
KBBX,12/4/2010,Winter,n,C,P,JW, , 
KBBX,12/5/2010,Winter,n,C,P,JW, , 
KBBX,12/6/2010,Winter,n,ND, ,JW, ,corrupt files
KBBX,12/7/2010,Winter,y,B, ,JW,1:17:00, 
KBBX,12/8/2010,Winter,n,C,P,JW, , 
KBBX,12/9/2010,Winter,n,C,P,JW, , 
KBBX,12/10/2010,Winter,n,C,P,JW, , 
KBBX,12/11/2010,Winter,y,B, ,JW,1:16:00, 
KBBX,12/12/2010,Winter,n,C,AP,JW, , 
KBBX,12/13/2010,Winter,n,C,P,JW, , 
KBBX,12/14/2010,Winter,n,C,P,JW, , 
KBBX,12/15/2010,Winter,n,ND, ,JW, , 
KBBX,12/16/2010,Winter,n,C,P,JW, , 
KBBX,12/17/2010,Winter,n,C,P,JW, , 
KBBX,12/18/2010,Winter,n,C,P,JW, , 
KBBX,12/19/2010,Winter,n,C,P,JW, , 
KBBX,12/20/2010,Winter,n,C,P,JW, , 
KBBX,12/21/2010,Winter,n,C,P,JW, , 
KBBX,12/22/2010,Winter,n,C,CL,JW, , 
KBBX,12/23/2010,Winter,y,B, ,JW,1:21:00, 
KBBX,12/24/2010,Winter,n,C,P,JW, , 
KBBX,12/25/2010,Winter,n,C,P,JW, , 
KBBX,12/26/2010,Winter,n,C,P,JW, , 
KBBX,12/27/2010,Winter,n,C,P,JW, , 
KBBX,12/28/2010,Winter,n,C,P,JW, , 
KBBX,12/29/2010,Winter,n,C,P,JW, , 
KBBX,12/30/2010,Winter,y,B, ,JW,1:26:00, 
KBBX,12/31/2010,Winter,n,C,P,JW, , 
KBBX,1/1/2011,Winter,n,C,P,JW, , 
KBBX,1/2/2011,Winter,n,C,P,JW, , 
KBBX,1/3/2011,Winter,y,B, ,JW,1:28:00, 
KBBX,1/4/2011,Winter,n,ND, ,JW, , 
KBBX,1/5/2011,Winter,n,ND, ,JW, , 
KBBX,1/6/2011,Winter,n,C,CL,JW, , 
KBBX,1/7/2011,Winter,n,C,CL,JW, , 
KBBX,1/8/2011,Winter,y,B, ,JW,1:23:00, 
KBBX,1/9/2011,Winter,y,B, ,JW,1:34:00, 
KBBX,1/10/2011,Winter,y,B, ,JW,1:33:00, 
KBBX,1/11/2011,Winter,n,C,P,JW, , 
KBBX,1/12/2011,Winter,y,B, ,JW,1:32:00, 
KBBX,1/13/2011,Winter,n,C,CL,JW, , 
KBBX,1/14/2011,Winter,y,B, ,JW,1:42:00, 
KBBX,1/15/2011,Winter,y,B, ,JW,1:42:00, 
KBBX,1/16/2011,Winter,n,C,P,JW, , 
KBBX,1/17/2011,Winter,n,C,CL,JW, , 
KBBX,1/18/2011,Winter,y,B, ,JW,1:44:00, 
KBBX,1/19/2011,Winter,y,B, ,JW,1:45:00, 
KBBX,1/20/2011,Winter,y,B, ,JW,1:47:00, 
KBBX,1/21/2011,Winter,y,B, ,JW,1:50:00, 
KBBX,1/22/2011,Winter,y,B, ,JW,1:50:00, 
KBBX,1/23/2011,Winter,y,B, ,JW,1:48:00, 
KBBX,1/24/2011,Winter,y,B, ,JW,1:39:00, 
KBBX,1/25/2011,Winter,n,ND, ,JW, , 
KBBX,1/26/2011,Winter,n,ND, ,JW, , 
KBBX,1/27/2011,Winter,n,ND, ,JW, , 
KBBX,1/28/2011,Winter,n,ND, ,JW, , 
KBBX,1/29/2011,Winter,n,ND, ,JW, , 
KBBX,1/30/2011,Winter,n,ND, ,JW, , 
KBBX,1/31/2011,Winter,n,ND, ,JW, , 
KBBX,2/1/2011,Winter,n,ND, ,JW, , 
KBBX,2/2/2011,Winter,n,ND, ,JW, , 
KBBX,2/3/2011,Winter,y,B, ,JW,1:58:00, 
KBBX,2/4/2011,Winter,n,ND, ,JW, , 
KBBX,2/5/2011,Winter,n,ND, ,JW, , 
KBBX,2/6/2011,Winter,n,ND, ,JW, , 
KBBX,2/7/2011,Winter,n,ND, ,JW, , 
KBBX,2/8/2011,Winter,n,ND, ,JW, , 
KBBX,2/9/2011,Winter,y,B, ,JW,2:15:00, 
KBBX,2/10/2011,Winter,n,ND, ,JW, ,Not enough data
KBBX,2/11/2011,Winter,n,C,AP,JW, , 
KBBX,2/12/2011,Winter,n,C,AP,JW, , 
KBBX,2/13/2011,Winter,y,B, ,JW,2:12:00, 
KBBX,2/14/2011,Winter,n,C,P,JW, , 
KBBX,2/15/2011,Winter,n,C,P,JW, , 
KBBX,2/16/2011,Winter,n,C,P,JW, , 
KBBX,2/17/2011,Winter,n,C,P,JW, , 
KBBX,2/18/2011,Winter,n,C,P,JW, , 
KBBX,2/19/2011,Winter,n,C,P,JW, , 
KBBX,2/20/2011,Winter,y,B, ,JW,2:24:00, 
KBBX,2/21/2011,Winter,n,ND, ,JW, , 
KBBX,2/22/2011,Winter,y,B, ,JW,2:23:00, 
KBBX,2/23/2011,Winter,y,B, ,JW,2:23:00, 
KBBX,2/24/2011,Winter,n,C,P,JW, , 
KBBX,2/25/2011,Winter,n,C,P,JW, , 
KBBX,2/26/2011,Winter,y,B, ,JW,2:23:00, 
KBBX,2/27/2011,Winter,n,C,AP,JW, , 
KBBX,2/28/2011,Winter,y,B, ,JW,2:31:00, 
KBBX,11/1/2011,winter,y,B, ,JW,1:41:00, 
KBBX,11/2/2011,winter,y,B, ,JW,1:36:00, 
KBBX,11/3/2011,winter,n,C,P,JW, , 
KBBX,11/4/2011,winter,n,C,P,JW, , 
KBBX,11/5/2011,winter,n,C,P,JW, , 
KBBX,11/6/2011,winter,n,C,P,JW, , 
KBBX,11/7/2011,winter,n,C,AP,JW, , 
KBBX,11/8/2011,winter,y,B, ,JW,1:31:00, 
KBBX,11/9/2011,winter,y,B, ,JW,1:30:00, 
KBBX,11/10/2011,winter,y,B, ,JW,1:28:00, 
KBBX,11/11/2011,winter,n,C,P,JW, , 
KBBX,11/12/2011,winter,y,B, ,JW,1:21:00, 
KBBX,11/13/2011,winter,y,B, ,JW,1:18:00, 
KBBX,11/14/2011,winter,y,B, ,JW,1:19:00, 
KBBX,11/15/2011,winter,y,B, ,JW,1:17:00, 
KBBX,11/16/2011,winter,n,ND, ,JW, ,not enough data
KBBX,11/17/2011,winter,y,B, ,JW,1:19:00, 
KBBX,11/18/2011,winter,n,C,P,JW, , 
KBBX,11/19/2011,winter,n,C,P,JW, , 
KBBX,11/20/2011,winter,n,C,P,JW, , 
KBBX,11/21/2011,winter,n,C,P,JW, , 
KBBX,11/22/2011,winter,y,B, ,JW,1:18:00, 
KBBX,11/23/2011,winter,n,C,P,JW, , 
KBBX,11/24/2011,winter,n,C,P,JW, , 
KBBX,11/25/2011,winter,n,C,AP,JW, , 
KBBX,11/26/2011,winter,n,C,AP,JW, , 
KBBX,11/27/2011,winter,y,B, ,JW,1:10:00, 
KBBX,11/28/2011,winter,y,B, ,JW,1:08:00, 
KBBX,11/29/2011,winter,n,C,AP,JW, , 
KBBX,11/30/2011,winter,y,B, ,JW,1:15:00, 
KBBX,12/1/2011,winter,y,B, ,JW,1:12:00, 
KBBX,12/2/2011,winter,y,B, ,JW,1:18:00, 
KBBX,12/3/2011,winter,y,B, ,JW,1:15:00, 
KBBX,12/4/2011,winter,y,B, ,JW,1:13:00, 
KBBX,12/5/2011,winter,y,B, ,JW,1:17:00, 
KBBX,12/6/2011,winter,n,ND, ,JW, , 
KBBX,12/7/2011,winter,n,ND, ,JW, , 
KBBX,12/8/2011,winter,n,ND, ,JW, , 
KBBX,12/9/2011,winter,n,ND, ,JW, , 
KBBX,12/10/2011,winter,n,ND, ,JW, , 
KBBX,12/11/2011,winter,n,ND, ,JW, , 
KBBX,12/12/2011,winter,n,ND, ,JW, , 
KBBX,12/13/2011,winter,n,ND, ,JW, , 
KBBX,12/14/2011,winter,y,B, ,JW,1:16:00, 
KBBX,12/15/2011,winter,y,B, ,JW,1:15:00, 
KBBX,12/16/2011,winter,y,B, ,JW,1:13:00, 
KBBX,12/17/2011,winter,y,B, ,JW,1:20:00, 
KBBX,12/18/2011,winter,y,B, ,JW,1:18:00, 
KBBX,12/19/2011,winter,y,B, ,JW,1:16:00, 
KBBX,12/20/2011,winter,y,B, ,JW,1:20:00, 
KBBX,12/21/2011,winter,y,B, ,JW,1:16:00, 
KBBX,12/22/2011,winter,y,B, ,JW,1:20:00, 
KBBX,12/23/2011,winter,y,B, ,JW,1:22:00, 
KBBX,12/24/2011,winter,y,B, ,JW,1:22:00, 
KBBX,12/25/2011,winter,y,B, ,JW,1:22:00, 
KBBX,12/26/2011,winter,y,B, ,JW,1:21:00, 
KBBX,12/27/2011,winter,y,B, ,JW,1:20:00, 
KBBX,12/28/2011,winter,n,C,P,JW, , 
KBBX,12/29/2011,winter,n,C,P,JW, , 
KBBX,12/30/2011,winter,n,C,P,JW, , 
KBBX,12/31/2011,winter,y,B, ,JW,1:31:00, 
KBBX,1/1/2012,winter,y,B, ,JW,1:29:00, 
KBBX,1/2/2012,winter,y,B, ,JW,1:32:00, 
KBBX,1/3/2012,winter,y,B, ,JW,1:29:00, 
KBBX,1/4/2012,winter,y,B, ,JW,1:30:00, 
KBBX,1/5/2012,winter,y,B, ,JW,1:29:00, 
KBBX,1/6/2012,winter,y,B, ,JW,1:36:00, 
KBBX,1/7/2012,winter,y,B, ,JW,1:34:00, 
KBBX,1/8/2012,winter,y,B, ,JW,1:41:00, 
KBBX,1/9/2012,winter,y,B, ,JW,1:34:00, 
KBBX,1/10/2012,winter,y,B, ,JW,1:37:00, 
KBBX,1/11/2012,winter,n,ND, ,JW, ,data was red/unusable
KBBX,1/12/2012,winter,n,ND, ,JW, ,data was red/unusable
KBBX,1/13/2012,winter,n,ND, ,JW, ,data was red/unusable
KBBX,1/14/2012,winter,n,ND, ,JW, ,data was red/unusable
KBBX,1/15/2012,winter,n,ND, ,JW, ,data was red/unusable
KBBX,1/16/2012,winter,n,ND, ,JW, ,data was red/unusable
KBBX,1/17/2012,winter,n,ND, ,JW, , 
KBBX,1/18/2012,winter,n,C,P,JW, , 
KBBX,1/19/2012,winter,n,C,P,JW, , 
KBBX,1/20/2012,winter,n,C,P,JW, , 
KBBX,1/21/2012,winter,y,B, ,JW,1:40:00, 
KBBX,1/22/2012,winter,n,C,P,JW, , 
KBBX,1/23/2012,winter,y,B, ,JW,1:46:00, 
KBBX,1/24/2012,winter,y,B, ,JW,1:43:00, 
KBBX,1/25/2012,winter,y,B, ,JW,1:50:00, 
KBBX,1/26/2012,winter,y,B, ,JW,1:47:00, 
KBBX,1/27/2012,winter,y,B, ,JW,1:47:00, 
KBBX,1/28/2012,winter,y,B, ,JW,1:49:00, 
KBBX,1/29/2012,winter,y,B, ,JW,1:46:00, 
KBBX,1/30/2012,winter,y,B, ,JW,1:53:00, 
KBBX,1/31/2012,winter,n,C,P,JW, , 
KBBX,2/1/2012,winter,y,B, ,JW,1:51:00, 
KBBX,2/2/2012,winter,y,B, ,JW,1:59:00, 
KBBX,2/3/2012,winter,y,B, ,JW,2:06:00, 
KBBX,2/4/2012,winter,y,B, ,JW,2:04:00, 
KBBX,2/5/2012,winter,y,B, ,JW,2:01:00, 
KBBX,2/6/2012,winter,n,C,P,JW, , 
KBBX,2/7/2012,winter,n,C,P,JW, , 
KBBX,2/8/2012,winter,y,B, ,JW,2:06:00, 
KBBX,2/9/2012,winter,y,B, ,JW,2:03:00, 
KBBX,2/10/2012,winter,n,C,P,JW, , 
KBBX,2/11/2012,winter,y,B, ,JW,2:05:00, 
KBBX,2/12/2012,winter,n,C,P,JW, , 
KBBX,2/13/2012,winter,n,C,P,JW, , 
KBBX,2/14/2012,winter,y,B, ,JW,2:14:00, 
KBBX,2/15/2012,winter,y,B, ,JW,2:17:00, 
KBBX,2/16/2012,winter,y,B, ,JW,2:15:00, 
KBBX,2/17/2012,winter,y,B, ,JW,2:12:00, 
KBBX,2/18/2012,winter,y,B, ,JW,2:16:00, 
KBBX,2/19/2012,winter,y,B, ,JW,2:13:00, 
KBBX,2/20/2012,winter,y,B, ,JW,2:16:00, 
KBBX,2/21/2012,winter,y,B, ,JW,2:17:00, 
KBBX,2/22/2012,winter,y,B, ,JW,2:20:00, 
KBBX,2/23/2012,winter,n,ND, ,JW, , 
KBBX,2/24/2012,winter,n,C,AP,JW, , 
KBBX,2/25/2012,winter,y,B, ,JW,2:24:00, 
KBBX,2/26/2012,winter,y,B, ,JW,2:23:00, 
KBBX,2/27/2012,winter,n,C,P,JW, , 
KBBX,2/28/2012,winter,n,C,P,JW, , 
KBBX,2/29/2012,winter,n,C,P,JW, , 
KBBX,11/1/2012,winter,y,B, ,JW,1:19:00, 
KBBX,11/2/2012,winter,n,C,P,JW, , 
KBBX,11/3/2012,winter,n,C,AP,JW, , 
KBBX,11/4/2012,winter,n,C,AP,JW, , 
KBBX,11/5/2012,winter,n,C,AP,JW, , 
KBBX,11/6/2012,winter,y,B, ,JW,1:29:00, 
KBBX,11/7/2012,winter,y,B, ,JW,1:27:00, 
KBBX,11/8/2012,winter,n,C,P,JW, , 
KBBX,11/9/2012,winter,n,C,P,JW, , 
KBBX,11/10/2012,winter,y,B, ,JW,1:24:00, 
KBBX,11/11/2012,winter,y,B, ,JW,1:23:00, 
KBBX,11/12/2012,winter,y,B, ,JW,1:25:00, 
KBBX,11/13/2012,winter,n,C,P,JW, , 
KBBX,11/14/2012,winter,n,C,AP,JW, , 
KBBX,11/15/2012,winter,n,C,P,JW, , 
KBBX,11/16/2012,winter,n,C,P,JW, , 
KBBX,11/17/2012,winter,n,C,P,JW, , 
KBBX,11/18/2012,winter,n,C,P,JW, , 
KBBX,11/19/2012,winter,n,C,P,JW, , 
KBBX,11/20/2012,winter,n,C,P,JW, , 
KBBX,11/21/2012,winter,n,C,AP,JW, , 
KBBX,11/22/2012,winter,n,C,AP,JW, , 
KBBX,11/23/2012,winter,n,C,AP,JW, , 
KBBX,11/24/2012,winter,y,B, ,JW,1:10:00, 
KBBX,11/25/2012,winter,y,B, ,JW,1:10:00, 
KBBX,11/26/2012,winter,y,B, ,JW,1:19:00, 
KBBX,11/27/2012,winter,y,B, ,JW,1:12:00, 
KBBX,11/28/2012,winter,n,C,P,JW, , 
KBBX,11/29/2012,winter,n,C,P,JW, , 
KBBX,11/30/2012,winter,n,C,P,JW, , 
KBBX,12/1/2012,winter,n,C,P,JW, , 
KBBX,12/2/2012,winter,y,B, ,JW,1:32:00, 
KBBX,12/3/2012,winter,n,C,P,JW, , 
KBBX,12/4/2012,winter,n,C,P,JW, , 
KBBX,12/5/2012,winter,y,B, ,JW,1:29:00, 
KBBX,12/6/2012,winter,y,B, ,JW,1:36:00, 
KBBX,12/7/2012,winter,y,B, ,JW,1:34:00, 
KBBX,12/8/2012,winter,y,B, ,JW,1:31:00, 
KBBX,12/9/2012,winter,y,B, ,JW,1:34:00, 
KBBX,12/10/2012,winter,y,B, ,JW,1:37:00, 
KBBX,12/11/2012,winter,n,C,P,JW, , 
KBBX,12/12/2012,winter,n,C,P,JW, , 
KBBX,12/13/2012,winter,n,C,AP,JW, , 
KBBX,12/14/2012,winter,n,C,P,JW, , 
KBBX,12/15/2012,winter,n,C,P,JW, , 
KBBX,12/16/2012,winter,n,C,P,JW, , 
KBBX,12/17/2012,winter,n,C,P,JW, , 
KBBX,12/18/2012,winter,y,B, ,JW,1:18:00, 
KBBX,12/19/2012,winter,y,B, ,JW,1:23:00, 
KBBX,12/20/2012,winter,n,C,P,JW, , 
KBBX,12/21/2012,winter,n,C,P,JW, , 
KBBX,12/22/2012,winter,n,C,P,JW, , 
KBBX,12/23/2012,winter,n,C,P,JW, , 
KBBX,12/24/2012,winter,n,C,AP,JW, , 
KBBX,12/25/2012,winter,n,C,P,JW, , 
KBBX,12/26/2012,winter,y,B, ,JW,1:22:00, 
KBBX,12/27/2012,winter,y,B, ,JW,1:19:00, 
KBBX,12/28/2012,winter,n,C,P,JW, , 
KBBX,12/29/2012,winter,y,B, ,JW,1:25:00, 
KBBX,12/30/2012,winter,y,B, ,JW,1:17:00, 
KBBX,12/31/2012,winter,y,B, ,JW,1:19:00, 
KBBX,1/1/2013,winter,n,C,P,JW, , 
KBBX,1/2/2013,winter,y,B, ,JW,1:21:00, 
KBBX,1/3/2013,winter,y,B, ,JW,1:23:00, 
KBBX,1/4/2013,winter,y,B, ,JW,1:34:00, 
KBBX,1/5/2013,winter,n,C,P,JW, , 
KBBX,1/6/2013,winter,y,B, ,JW,1:29:00, 
KBBX,1/7/2013,winter,y,B, ,JW,1:30:00, 
KBBX,1/8/2013,winter,n,ND, ,JW, ,not enough data
KBBX,1/9/2013,winter,n,C,P,JW, , 
KBBX,1/10/2013,winter,y,B, ,JW,1:34:00, 
KBBX,1/11/2013,winter,n,C,P,JW, , 
KBBX,1/12/2013,winter,y,B, ,JW,1:36:00, 
KBBX,1/13/2013,winter,n,ND, ,JW, ,data corrupt/not enough data
KBBX,1/14/2013,winter,y,B, ,JW,1:39:00, 
KBBX,1/15/2013,winter,y,B, ,JW,1:40:00, 
KBBX,1/16/2013,winter,y,B, ,JW,1:41:00, 
KBBX,1/17/2013,winter,y,B, ,JW,1:42:00, 
KBBX,1/18/2013,winter,y,B, ,JW,1:43:00, 
KBBX,1/19/2013,winter,y,B, ,JW,1:43:00, 
KBBX,1/20/2013,winter,y,B, ,JW,1:44:00, 
KBBX,1/21/2013,winter,y,B, ,JW,1:44:00, 
KBBX,1/22/2013,winter,y,B, ,JW,1:45:00, 
KBBX,1/23/2013,winter,n,C,P,JW, , 
KBBX,1/24/2013,winter,n,C,P,JW, , 
KBBX,1/25/2013,winter,n,C,P,JW, , 
KBBX,1/26/2013,winter,n,C,P,JW, , 
KBBX,1/27/2013,winter,y,B, ,JW,1:52:00, 
KBBX,1/28/2013,winter,y,B, ,JW,1:48:00, 
KBBX,1/29/2013,winter,y,B, ,JW,1:50:00, 
KBBX,1/30/2013,winter,y,B, ,JW,1:51:00, 
KBBX,1/31/2013,winter,y,B, ,JW,2:01:00, 
KBBX,2/1/2013,winter,y,B, ,JW,2:02:00, 
KBBX,2/2/2013,winter,y,B, ,JW,2:03:00, 
KBBX,2/3/2013,winter,y,B, ,JW,2:04:00, 
KBBX,2/4/2013,winter,y,B, ,JW,1:56:00, 
KBBX,2/5/2013,winter,n,ND, ,JW, ,not enough data
KBBX,2/6/2013,winter,y,B, ,JW,1:57:00, 
KBBX,2/7/2013,winter,n,C,P,JW, , 
KBBX,2/8/2013,winter,n,ND, ,JW, ,not enough data
KBBX,2/9/2013,winter,n,ND, ,JW, ,not enough data
KBBX,2/10/2013,winter,n,ND, ,JW, ,not enough data
KBBX,2/11/2013,winter,n,ND, ,JW, ,not enough data
KBBX,2/12/2013,winter,n,ND, ,JW, , 
KBBX,2/13/2013,winter,y,B, ,JW,2:13:00, 
KBBX,2/14/2013,winter,n,ND, ,JW, , 
KBBX,2/15/2013,winter,n,ND, ,JW, , 
KBBX,2/16/2013,winter,n,ND, ,JW, , 
KBBX,2/17/2013,winter,n,ND, ,JW, , 
KBBX,2/18/2013,winter,n,ND, ,JW, , 
KBBX,2/19/2013,winter,n,C,P,JW, , 
KBBX,2/20/2013,winter,n,ND, ,JW, , 
KBBX,2/21/2013,winter,n,ND, ,JW, ,not enough data
KBBX,2/22/2013,winter,n,C,P,JW, , 
KBBX,2/23/2013,winter,n,ND, ,JW, ,not enough data
KBBX,2/24/2013,winter,n,ND, ,JW, , 
KBBX,2/25/2013,winter,n,C,AP,JW, , 
KBBX,2/26/2013,winter,n,NB, ,JW,2:21:00,light bird activity
KBBX,2/27/2013,winter,n,ND, ,JW, , 
KBBX,2/28/2013,winter,n,C,AP,JW, , 
KBBX,11/1/2013,winter,y,B, ,JW,1:27:00,weird color
KBBX,11/2/2013,winter,y,B, ,JW,1:30:00,weird color 
KBBX,11/3/2013,winter,n,C,P,JW, ,weird color
KBBX,11/4/2013,winter,y,B, ,JW,1:29:00,weird color 
KBBX,11/5/2013,winter,y,B, ,JW,1:24:00,weird color 
KBBX,11/6/2013,winter,y,B, ,JW,1:27:00,weird color 
KBBX,11/7/2013,winter,y,B, ,JW,1:20:00,weird color 
KBBX,11/8/2013,winter,y,B, ,JW,1:18:00,weird color 
KBBX,11/9/2013,winter,y,B, ,JW,1:22:00,weird color 
KBBX,11/10/2013,winter,y,B, ,JW,1:25:00,weird color 
KBBX,11/11/2013,winter,y,B, ,JW,1:19:00,weird color 
KBBX,11/12/2013,winter,y,B, ,JW,1:19:00,weird color 
KBBX,11/13/2013,winter,y,B, ,JW,1:14:00,weird color 
KBBX,11/14/2013,winter,y,B, ,JW,1:17:00,weird color 
KBBX,11/15/2013,winter,y,B, ,JW,1:11:00,weird color 
KBBX,11/16/2013,winter,y,B, ,JW,1:15:00,weird color 
KBBX,11/17/2013,winter,y,B, ,JW,1:10:00,weird color
KBBX,11/18/2013,winter,n,C,P,JW, , 
KBBX,11/19/2013,winter,n,C,P,JW, , 
KBBX,11/20/2013,winter,n,C,P,JW, , 
KBBX,11/21/2013,winter,y,B, ,JW,1:18:00, 
KBBX,11/22/2013,winter,n,ND, ,JW, ,not enough data
KBBX,11/23/2013,winter,n,ND, ,JW, , 
KBBX,11/24/2013,winter,y,B, ,JW,1:12:00, 
KBBX,11/25/2013,winter,y,B, ,JW,1:16:00, 
KBBX,11/26/2013,winter,y,B, ,JW,1:07:00, 
KBBX,11/27/2013,winter,y,B, ,JW,1:08:00, 
KBBX,11/28/2013,winter,y,B, ,JW,1:08:00, 
KBBX,11/29/2013,winter,y,B, ,JW,1:07:00, 
KBBX,11/30/2013,winter,y,B, ,JW,0:56:00, 
KBBX,12/1/2013,winter,y,B, ,JW,1:04:00, 
KBBX,12/2/2013,winter,n,C,P,JW, , 
KBBX,12/3/2013,winter,y,B, ,JW,1:14:00, 
KBBX,12/4/2013,winter,y,B, ,JW,1:13:00, 
KBBX,12/5/2013,winter,y,B, ,JW,1:12:00, 
KBBX,12/6/2013,winter,n,C,P,JW, , 
KBBX,12/7/2013,winter,y,B, ,JW,1:15:00, 
KBBX,12/8/2013,winter,y,B, ,JW,1:16:00, 
KBBX,12/9/2013,winter,y,B, ,JW,1:13:00, 
KBBX,12/10/2013,winter,y,B, ,JW,1:14:00, 
KBBX,12/11/2013,winter,y,B, ,JW,1:08:00, 
KBBX,12/12/2013,winter,y,B, ,JW,1:11:00, 
KBBX,12/13/2013,winter,y,B, ,JW,1:12:00, 
KBBX,12/14/2013,winter,y,B, ,JW,1:14:00, 
KBBX,12/15/2013,winter,y,B, ,JW,1:15:00, 
KBBX,12/16/2013,winter,y,B, ,JW,1:17:00, 
KBBX,12/17/2013,winter,y,B, ,JW,1:18:00, 
KBBX,12/18/2013,winter,n,C,P,JW, , 
KBBX,12/19/2013,winter,n,C,CL,JW, , 
KBBX,12/20/2013,winter,y,B, ,JW,1:23:00, 
KBBX,12/21/2013,winter,y,B, ,JW,1:23:00, 
KBBX,12/22/2013,winter,y,B, ,JW,1:24:00, 
KBBX,12/23/2013,winter,y,B, ,JW,1:24:00, 
KBBX,12/24/2013,winter,y,B, ,JW,1:24:00, 
KBBX,12/25/2013,winter,y,B, ,JW,1:24:00, 
KBBX,12/26/2013,winter,y,B, ,JW,1:24:00, 
KBBX,12/27/2013,winter,y,B, ,JW,1:25:00, 
KBBX,12/28/2013,winter,y,B, ,JW,1:25:00, 
KBBX,12/29/2013,winter,y,B, ,JW,1:25:00, 
KBBX,12/30/2013,winter,y,B, ,JW,1:25:00, 
KBBX,12/31/2013,winter,y,B, ,JW,1:25:00, 
KBBX,1/1/2014,winter,y,B, ,JW,1:26:00, 
KBBX,1/2/2014,winter,y,B, ,JW,1:26:00, 
KBBX,1/3/2014,winter,y,B, ,JW,1:26:00, 
KBBX,1/4/2014,winter,y,B, ,JW,1:26:00, 
KBBX,1/5/2014,winter,y,B, ,JW,1:27:00, 
KBBX,1/6/2014,winter,n,C,P,JW, , 
KBBX,1/7/2014,winter,y,B, ,JW,1:33:00, 
KBBX,1/8/2014,winter,y,B, ,JW,1:33:00, 
KBBX,1/9/2014,winter,y,B, ,JW,1:34:00, 
KBBX,1/10/2014,winter,y,B, ,JW,1:34:00, 
KBBX,1/11/2014,winter,n,C,P,JW, , 
KBBX,1/12/2014,winter,y,B, ,JW,1:37:00, 
KBBX,1/13/2014,winter,y,B, ,JW,1:38:00, 
KBBX,1/14/2014,winter,y,B, ,JW,1:39:00, 
KBBX,1/15/2014,winter,y,B, ,JW,1:39:00, 
KBBX,1/16/2014,winter,y,B, ,JW,1:41:00, 
KBBX,1/17/2014,winter,y,B, ,JW,1:42:00, 
KBBX,1/18/2014,winter,y,B, ,JW,1:48:00, 
KBBX,1/19/2014,winter,y,B, ,JW,1:48:00, 
KBBX,1/20/2014,winter,y,B, ,JW,1:47:00, 
KBBX,1/21/2014,winter,y,B, ,JW,1:47:00, 
KBBX,1/22/2014,winter,y,B, ,JW,1:47:00, 
KBBX,1/23/2014,winter,y,B, ,JW,1:45:00, 
KBBX,1/24/2014,winter,y,B, ,JW,1:43:00, 
KBBX,1/25/2014,winter,y,B, ,JW,1:51:00, 
KBBX,1/26/2014,winter,y,B, ,JW,1:49:00, 
KBBX,1/27/2014,winter,n,C,P,JW, , 
KBBX,1/28/2014,winter,y,B, ,JW,1:46:00, 
KBBX,1/29/2014,winter,n,C,P,JW, , 
KBBX,1/30/2014,winter,n,C,P,JW, , 
KBBX,1/31/2014,winter,y,B, ,JW,1:55:00, 
KBBX,2/1/2014,winter,y,B, ,JW,2:00:00, 
KBBX,2/2/2014,winter,n,C,P,JW, , 
KBBX,2/3/2014,winter,y,B, ,JW,2:04:00, 
KBBX,2/4/2014,winter,y,B, ,JW,2:05:00, 
KBBX,2/5/2014,winter,n,C,P,JW, , 
KBBX,2/6/2014,winter,n,C,P,JW, , 
KBBX,2/7/2014,winter,n,C,P,JW, , 
KBBX,2/8/2014,winter,n,C,P,JW, , 
KBBX,2/9/2014,winter,n,C,P,JW, , 
KBBX,2/10/2014,winter,y,B, ,JW,2:04:00, 
KBBX,2/11/2014,winter,n,ND, ,JW, , 
KBBX,2/12/2014,winter,y,B, ,JW,2:10:00, 
KBBX,2/13/2014,winter,y,B, ,JW,2:08:00, 
KBBX,2/14/2014,winter,y,B, ,JW,2:11:00, 
KBBX,2/15/2014,winter,n,C,P,JW, , 
KBBX,2/16/2014,winter,y,B, ,JW,2:12:00, 
KBBX,2/17/2014,winter,y,B, ,JW,2:11:00, 
KBBX,2/18/2014,winter,y,B, ,JW,2:12:00, 
KBBX,2/19/2014,winter,y,B, ,JW,2:14:00, 
KBBX,2/20/2014,winter,y,B, ,JW,2:17:00, 
KBBX,2/21/2014,winter,y,B, ,JW,2:16:00, 
KBBX,2/22/2014,winter,y,B, ,JW,2:15:00, 
KBBX,2/23/2014,winter,y,B, ,JW,2:14:00, 
KBBX,2/24/2014,winter,y,B, ,JW,2:11:00, 
KBBX,2/25/2014,winter,y,B, ,JW,2:19:00, 
KBBX,2/26/2014,winter,n,C,P,JW, , 
KBBX,2/27/2014,winter,y,B, ,JW,2:24:00, 
KBBX,2/28/2014,winter,n,C,P,JW, , 
KBBX,11/1/2014,winter,n,C,P,JW, , 
KBBX,11/2/2014,winter,n,C,AP,JW, , 
KBBX,11/3/2014,winter,y,B, ,JW,1:27:00, 
KBBX,11/4/2014,winter,y,B, ,JW,1:26:00, 
KBBX,11/5/2014,winter,y,B, ,JW,1:25:00, 
KBBX,11/6/2014,winter,y,B, ,JW,1:23:00, 
KBBX,11/7/2014,winter,y,B, ,JW,1:29:00, 
KBBX,11/8/2014,winter,y,B, ,JW,1:26:00, 
KBBX,11/9/2014,winter,y,B, ,JW,1:24:00, 
KBBX,11/10/2014,winter,y,B, ,JW,1:24:00, 
KBBX,11/11/2014,winter,y,B, ,JW,1:22:00, 
KBBX,11/12/2014,winter,n,ND, ,JW, , 
KBBX,11/13/2014,winter,n,ND, ,JW, , 
KBBX,11/14/2014,winter,n,ND, ,JW, , 
KBBX,11/15/2014,winter,n,ND, ,JW, , 
KBBX,11/16/2014,winter,n,ND, ,JW, , 
KBBX,11/17/2014,winter,n,C,AP,JW, , 
KBBX,11/18/2014,winter,n,ND, ,JW, , 
KBBX,11/19/2014,winter,n,ND, ,JW, , 
KBBX,11/20/2014,winter,n,ND, ,JW, , 
KBBX,11/21/2014,winter,n,C,P,JW, , 
KBBX,11/22/2014,winter,y,B, ,JW,1:17:00, 
KBBX,11/23/2014,winter,n,C,AP,JW, , 
KBBX,11/24/2014,winter,n,C,AP,JW, , 
KBBX,11/25/2014,winter,n,C,AP,JW, , 
KBBX,11/26/2014,winter,y,B, ,JW,1:21:00, 
KBBX,11/27/2014,winter,y,B, ,JW,1:19:00, 
KBBX,11/28/2014,winter,n,C,P,JW, , 
KBBX,11/29/2014,winter,n,C,P,JW, , 
KBBX,11/30/2014,winter,n,C,P,JW, , 
KBBX,12/1/2014,winter,n,ND, ,JW, , 
KBBX,12/2/2014,winter,n,C,P,JW, , 
KBBX,12/3/2014,winter,n,C,P,JW, , 
KBBX,12/4/2014,winter,n,C,P,JW, , 
KBBX,12/5/2014,winter,n,C,P,JW, , 
KBBX,12/6/2014,winter,y,B, ,JW,1:18:00, 
KBBX,12/7/2014,winter,y,B, ,JW,1:19:00, 
KBBX,12/8/2014,winter,n,C,P,JW, , 
KBBX,12/9/2014,winter,y,B, ,JW,1:11:00, 
KBBX,12/10/2014,winter,n,C,P,JW, , 
KBBX,12/11/2014,winter,n,C,P,JW, , 
KBBX,12/12/2014,winter,n,C,P,JW, , 
KBBX,12/13/2014,winter,y,B, ,JW,1:14:00, 
KBBX,12/14/2014,winter,n,C,P,JW, , 
KBBX,12/15/2014,winter,n,C,P,JW, , 
KBBX,12/16/2014,winter,n,C,P,JW, , 
KBBX,12/17/2014,winter,n,C,P,JW, , 
KBBX,12/18/2014,winter,n,C,P,JW, , 
KBBX,12/19/2014,winter,n,C,P,JW, , 
KBBX,12/20/2014,winter,n,C,P,JW, , 
KBBX,12/21/2014,winter,y,B, ,JW,1:19:00, 
KBBX,12/22/2014,winter,y,B, ,JW,1:19:00, 
KBBX,12/23/2014,winter,y,B, ,JW,1:18:00, 
KBBX,12/24/2014,winter,n,C,P,JW, , 
KBBX,12/25/2014,winter,y,B, ,JW,1:22:00, 
KBBX,12/26/2014,winter,y,B, ,JW,1:23:00, 
KBBX,12/27/2014,winter,y,B, ,JW,1:25:00, 
KBBX,12/28/2014,winter,y,B, ,JW,1:27:00, 
KBBX,12/29/2014,winter,y,B, ,JW,1:29:00, 
KBBX,12/30/2014,winter,y,B, ,JW,1:29:00, 
KBBX,12/31/2014,winter,y,B, ,JW,1:32:00, 
KBBX,1/1/2015,winter,y,B, ,JW,1:34:00, 
KBBX,1/2/2015,winter,y,B, ,JW,1:28:00, 
KBBX,1/3/2015,winter,y,B, ,JW,1:31:00, 
KBBX,1/4/2015,winter,y,B, ,JW,1:34:00, 
KBBX,1/5/2015,winter,y,B, ,JW,1:35:00, 
KBBX,1/6/2015,winter,y,B, ,JW,1:31:00, 
KBBX,1/7/2015,winter,y,B, ,JW,1:28:00, 
KBBX,1/8/2015,winter,n,ND, ,JW, , 
KBBX,1/9/2015,winter,n,ND, ,JW, , 
KBBX,1/10/2015,winter,n,ND, ,JW, , 
KBBX,1/11/2015,winter,n,ND, ,JW, , 
KBBX,1/12/2015,winter,n,ND, ,JW, , 
KBBX,1/13/2015,winter,n,ND, ,JW, , 
KBBX,1/14/2015,winter,n,ND, ,JW, , 
KBBX,1/15/2015,winter,n,ND, ,JW, , 
KBBX,1/16/2015,winter,y,B, ,JW,1:34:00, 
KBBX,1/17/2015,winter,n,ND, ,JW, , 
KBBX,1/18/2015,winter,y,B, ,JW,1:32:00, 
KBBX,1/19/2015,winter,y,B, ,JW,1:38:00, 
KBBX,1/20/2015,winter,y,B, ,JW,1:48:00, 
KBBX,1/21/2015,winter,y,B, ,JW,1:39:00, 
KBBX,1/22/2015,winter,n,C,P,JW,1:49:00,precip beyond 100km
KBBX,1/23/2015,winter,y,B, ,JW,1:47:00, 
KBBX,1/24/2015,winter,y,B, ,JW,1:45:00, 
KBBX,1/25/2015,winter,n,C,AP,JW, , 
KBBX,1/26/2015,winter,n,C,AP,JW, , 
KBBX,1/27/2015,winter,y,B, ,JW,1:47:00, 
KBBX,1/28/2015,winter,y,B, ,JW,1:51:00, 
KBBX,1/29/2015,winter,y,B, ,JW,1:51:00, 
KBBX,1/30/2015,winter,y,B, ,JW,1:50:00, 
KBBX,1/31/2015,winter,y,B, ,JW,1:57:00, 
KBBX,2/1/2015,winter,n,ND, ,JW, , 
KBBX,2/2/2015,winter,n,C,P,JW, , 
KBBX,2/3/2015,winter,y,B, ,JW,2:01:00, 
KBBX,2/4/2015,winter,y,B, ,JW,1:57:00, 
KBBX,2/5/2015,winter,y,B, ,JW,1:55:00, 
KBBX,2/6/2015,winter,n,C,P,JW, , 
KBBX,2/7/2015,winter,n,C,P,JW, , 
KBBX,2/8/2015,winter,n,C,P,JW, , 
KBBX,2/9/2015,winter,n,C,P,JW, , 
KBBX,2/10/2015,winter,y,B, ,JW,2:09:00, 
KBBX,2/11/2015,winter,y,B, ,JW,2:12:00, 
KBBX,2/12/2015,winter,n,C,AP,JW, , 
KBBX,2/13/2015,winter,n,C,AP,JW, , 
KBBX,2/14/2015,winter,n,C,AP,JW, , 
KBBX,2/15/2015,winter,y,B, ,JW,2:15:00, 
KBBX,2/16/2015,winter,y,B, ,JW,2:12:00, 
KBBX,2/17/2015,winter,n,ND, ,JW, , 
KBBX,2/18/2015,winter,y,B, ,JW,2:11:00, 
KBBX,2/19/2015,winter,y,B, ,JW,2:19:00, 
KBBX,2/20/2015,winter,y,B, ,JW,2:28:00, 
KBBX,2/21/2015,winter,y,B, ,JW,2:16:00, 
KBBX,2/22/2015,winter,y,B, ,JW,2:25:00, 
KBBX,2/23/2015,winter,y,B, ,JW,2:23:00, 
KBBX,2/24/2015,winter,n,ND, ,JW, , 
KBBX,2/25/2015,winter,y,B, ,JW,2:29:00, 
KBBX,2/26/2015,winter,y,B, ,JW,2:28:00, 
KBBX,2/27/2015,winter,n,C,P,JW, , 
KBBX,2/28/2015,winter,y,B, ,JW,2:29:00, 
KBBX,11/1/2015,winter,n,C,P,JW, , 
KBBX,11/2/2015,winter,n,C,P,JW, , 
KBBX,11/3/2015,winter,y,B, ,JW,1:37:00, 
KBBX,11/4/2015,winter,y,B, ,JW,1:29:00, 
KBBX,11/5/2015,winter,y,B, ,JW,1:31:00, 
KBBX,11/6/2015,winter,y,B, ,JW,1:33:00, 
KBBX,11/7/2015,winter,y,B, ,JW,1:24:00, 
KBBX,11/8/2015,winter,n,C,P,JW, , 
KBBX,11/9/2015,winter,n,C,P,JW, , 
KBBX,11/10/2015,winter,n,ND, ,JW, , 
KBBX,11/11/2015,winter,n,ND, ,JW, , 
KBBX,11/12/2015,winter,y,B, ,JW,1:25:00, 
KBBX,11/13/2015,winter,n,ND, ,JW, ,many corrupt files
KBBX,11/14/2015,winter,n,ND, ,JW, ,many corrupt files
KBBX,11/15/2015,winter,n,C,P,JW, , 
KBBX,11/16/2015,winter,n,ND, ,JW, ,not enough data 
KBBX,11/17/2015,winter,n,ND, ,JW, ,not enough data 
KBBX,11/18/2015,winter,y,B, ,JW,1:23:00, 
KBBX,11/19/2015,winter,y,B, ,JW,1:20:00, 
KBBX,11/20/2015,winter,y,B, ,JW,1:24:00, 
KBBX,11/21/2015,winter,y,B, ,JW,1:16:00, 
KBBX,11/22/2015,winter,y,B, ,JW,1:20:00, 
KBBX,11/23/2015,winter,y,B, ,JW,1:18:00, 
KBBX,11/24/2015,winter,y,B, ,JW,1:19:00, 
KBBX,11/25/2015,winter,y,B, ,JW,1:16:00, 
KBBX,11/26/2015,winter,y,B, ,JW,1:21:00, 
KBBX,11/27/2015,winter,y,B, ,JW,1:15:00, 
KBBX,11/28/2015,winter,y,B, ,JW,1:10:00, 
KBBX,11/29/2015,winter,y,B, ,JW,1:15:00, 
KBBX,11/30/2015,winter,n,C,P,JW, , 
KBBX,12/1/2015,winter,y,B, ,JW,1:17:00, 
KBBX,12/2/2015,winter,y,B, ,JW,1:12:00, 
KBBX,12/3/2015,winter,n,C,P,JW, , 
KBBX,12/4/2015,winter,y,B, ,JW,1:13:00, 
KBBX,12/5/2015,winter,y,B, ,JW,1:14:00, 
KBBX,12/6/2015,winter,n,C,P,JW, , 
KBBX,12/7/2015,winter,y,B, ,JW,1:17:00, 
KBBX,12/8/2015,winter,y,B, ,JW,1:09:00, 
KBBX,12/9/2015,winter,n,C,P,JW, , 
KBBX,12/10/2015,winter,n,C,P,JW, , 
KBBX,12/11/2015,winter,n,C,P,JW, , 
KBBX,12/12/2015,winter,n,C,P,JW, , 
KBBX,12/13/2015,winter,n,C,P,JW, , 
KBBX,12/14/2015,winter,n,C,P,JW, , 
KBBX,12/15/2015,winter,y,B, ,JW,1:19:00, 
KBBX,12/16/2015,winter,y,B, ,JW,1:17:00, 
KBBX,12/17/2015,winter,y,B, ,JW,1:16:00, 
KBBX,12/18/2015,winter,n,C,P,JW, , 
KBBX,12/19/2015,winter,y,B, ,JW,1:14:00, 
KBBX,12/20/2015,winter,n,C,P,JW, , 
KBBX,12/21/2015,winter,n,C,P,JW, , 
KBBX,12/22/2015,winter,y,B, ,JW,1:24:00, 
KBBX,12/23/2015,winter,y,B, ,JW,1:26:00, 
KBBX,12/24/2015,winter,n,C,P,JW, , 
KBBX,12/25/2015,winter,y,B, ,JW,1:27:00, 
KBBX,12/26/2015,winter,y,B, ,JW,1:22:00, 
KBBX,12/27/2015,winter,n,C,P,JW, , 
KBBX,12/28/2015,winter,y,B, ,JW,1:21:00, 
KBBX,12/29/2015,winter,y,B, ,JW,1:25:00, 
KBBX,12/30/2015,winter,y,B, ,JW,1:25:00, 
KBBX,12/31/2015,winter,y,B, ,JW,1:20:00, 
KBBX,1/1/2016,winter,y,B, ,JW,1:26:00, 
KBBX,1/2/2016,winter,n,C,P,JW, , 
KBBX,1/3/2016,winter,y,B, ,JW,1:21:00, 
KBBX,1/4/2016,winter,n,C,P,JW, , 
KBBX,1/5/2016,winter,n,C,P,JW, , 
KBBX,1/6/2016,winter,n,C,P,JW, , 
KBBX,1/7/2016,winter,y,B, ,JW,1:29:00, 
KBBX,1/8/2016,winter,n,C,P,JW, , 
KBBX,1/9/2016,winter,n,C,P,JW, , 
KBBX,1/10/2016,winter,y,B, ,JW,1:33:00, 
KBBX,1/11/2016,winter,n,C,P,JW, , 
KBBX,1/12/2016,winter,n,C,P,JW, , 
KBBX,1/13/2016,winter,n,C,P,JW, , 
KBBX,1/14/2016,winter,n,C,P,JW, , 
KBBX,1/15/2016,winter,n,C,P,JW, , 
KBBX,1/16/2016,winter,n,C,P,JW, , 
KBBX,1/17/2016,winter,n,C,P,JW, , 
KBBX,1/18/2016,winter,n,C,P,JW, , 
KBBX,1/19/2016,winter,n,C,P,JW, , 
KBBX,1/20/2016,winter,y,B, ,JW,1:43:00, 
KBBX,1/21/2016,winter,y,B, ,JW,1:45:00, 
KBBX,1/22/2016,winter,n,C,P,JW, , 
KBBX,1/23/2016,winter,n,C,P,JW, , 
KBBX,1/24/2016,winter,n,C,P,JW, , 
KBBX,1/25/2016,winter,y,B, ,JW,1:46:00, 
KBBX,1/26/2016,winter,y,B, ,JW,1:44:00, 
KBBX,1/27/2016,winter,y,B, ,JW,1:46:00, 
KBBX,1/28/2016,winter,n,C,P,JW, , 
KBBX,1/29/2016,winter,n,C,P,JW, , 
KBBX,1/30/2016,winter,n,C,P,JW, , 
KBBX,1/31/2016,winter,n,C,P,JW, , 
KBBX,2/1/2016,winter,y,B, ,JW,1:57:00, 
KBBX,2/2/2016,winter,y,B, ,JW,1:55:00, 
KBBX,2/3/2016,winter,n,C,P,JW, , 
KBBX,2/4/2016,winter,y,B, ,JW,1:58:00, 
KBBX,2/5/2016,winter,y,B, ,JW,2:01:00, 
KBBX,2/6/2016,winter,y,B, ,JW,2:03:00, 
KBBX,2/7/2016,winter,n,C,AP,JW, , 
KBBX,2/8/2016,winter,n,C,AP,JW, , 
KBBX,2/9/2016,winter,y,B, ,JW,2:02:00, 
KBBX,2/10/2016,winter,y,B, ,JW,2:02:00, 
KBBX,2/11/2016,winter,y,B, ,JW,2:04:00, 
KBBX,2/12/2016,winter,y,B, ,JW,2:04:00, 
KBBX,2/13/2016,winter,y,B, ,JW,2:04:00, 
KBBX,2/14/2016,winter,y,B, ,JW,2:04:00, 
KBBX,2/15/2016,winter,y,B, ,JW,2:03:00, 
KBBX,2/16/2016,winter,y,B, ,JW,2:05:00, 
KBBX,2/17/2016,winter,n,C,P,JW, , 
KBBX,2/18/2016,winter,n,C,P,JW, , 
KBBX,2/19/2016,winter,n,C,P,JW, , 
KBBX,2/20/2016,winter,y,B, ,JW,2:20:00, 
KBBX,2/21/2016,winter,y,B, ,JW,2:23:00, 
KBBX,2/22/2016,winter,y,B, ,JW,2:14:00, 
KBBX,2/23/2016,winter,y,B, ,JW,2:16:00, 
KBBX,2/24/2016,winter,y,B, ,JW,2:17:00, 
KBBX,2/25/2016,winter,y,B, ,JW,2:17:00, 
KBBX,2/26/2016,winter,n,C,P,JW, , 
KBBX,2/27/2016,winter,y,B, ,JW,2:21:00, 
KBBX,2/28/2016,winter,y,B, ,JW,2:22:00, 
KBBX,11/1/2016,winter,n,C,AP,JW, , 
KBBX,11/2/2016,winter,n,C,AP,JW, , 
KBBX,11/3/2016,winter,n,C,AP,JW, , 
KBBX,11/4/2016,winter,n,C,AP,JW, , 
KBBX,11/5/2016,winter,y,B, ,JW,1:14:00, 
KBBX,11/6/2016,winter,y,B, ,JW,1:23:00, 
KBBX,11/7/2016,winter,y,B, ,JW,1:21:00, 
KBBX,11/8/2016,winter,y,B, ,JW,1:15:00, 
KBBX,11/9/2016,winter,n,ND, ,JW, , 
KBBX,11/10/2016,winter,y,B, ,JW,1:21:00, 
KBBX,11/11/2016,winter,n,C,P,JW, , 
KBBX,11/12/2016,winter,y,B, ,JW,1:19:00, 
KBBX,11/13/2016,winter,y,B, ,JW,1:17:00, 
KBBX,11/14/2016,winter,y,B, ,JW,1:25:00, 
KBBX,11/15/2016,winter,n,C,P,JW, , 
KBBX,11/16/2016,winter,y,B, ,JW,1:20:00, 
KBBX,11/17/2016,winter,y,B, ,JW,1:27:00, 
KBBX,11/18/2016,winter,y,B, ,JW,1:19:00, 
KBBX,11/19/2016,winter,n,C,P,JW, , 
KBBX,11/20/2016,winter,n,C,P,JW, , 
KBBX,11/21/2016,winter,y,B, ,JW,1:21:00, 
KBBX,11/22/2016,winter,y,B, ,JW,1:17:00, 
KBBX,11/23/2016,winter,y,B, ,JW,1:19:00, 
KBBX,11/24/2016,winter,y,B, ,JW,1:19:00, 
KBBX,11/25/2016,winter,y,B, ,JW,1:11:00, 
KBBX,11/26/2016,winter,n,C,P,JW, , 
KBBX,11/27/2016,winter,n,C,P,JW, , 
KBBX,11/28/2016,winter,y,B, ,JW,1:21:00, 
KBBX,11/29/2016,winter,y,B, ,JW,1:22:00, 
KBBX,11/30/2016,winter,y,B, ,JW,1:14:00, 
KBBX,12/1/2016,winter,y,B, ,JW,1:17:00, 
KBBX,12/2/2016,winter,y,B, ,JW,1:19:00, 
KBBX,12/3/2016,winter,y,B, ,JW,1:21:00, 
KBBX,12/4/2016,winter,y,B, ,JW,1:23:00, 
KBBX,12/5/2016,winter,y,B, ,JW,1:16:00, 
KBBX,12/6/2016,winter,y,B, ,JW,1:18:00, 
KBBX,12/7/2016,winter,n,C,P,JW, , 
KBBX,12/8/2016,winter,n,C,P,JW, , 
KBBX,12/9/2016,winter,n,C,P,JW, , 
KBBX,12/10/2016,winter,n,C,P,JW, , 
KBBX,12/11/2016,winter,y,B, ,JW,1:19:00, 
KBBX,12/12/2016,winter,y,B, ,JW,1:21:00, 
KBBX,12/13/2016,winter,n,C,P,JW, , 
KBBX,12/14/2016,winter,n,C,P,JW, , 
KBBX,12/15/2016,winter,n,C,P,JW, , 
KBBX,12/16/2016,winter,n,C,P,JW, , 
KBBX,12/17/2016,winter,n,C,P,JW, , 
KBBX,12/18/2016,winter,y,B, ,JW,1:24:00, 
KBBX,12/19/2016,winter,y,B, ,JW,1:16:00, 
KBBX,12/20/2016,winter,n,C,P,JW, , 
KBBX,12/21/2016,winter,y,B, ,JW,1:17:00, 
KBBX,12/22/2016,winter,y,B, ,JW,1:19:00, 
KBBX,12/23/2016,winter,n,C,P,JW, , 
KBBX,12/24/2016,winter,y,B, ,JW,1:25:00, 
KBBX,12/25/2016,winter,y,B, ,JW,1:27:00, 
KBBX,12/26/2016,winter,y,B, ,JW,1:23:00, 
KBBX,12/27/2016,winter,y,B, ,JW,1:29:00, 
KBBX,12/28/2016,winter,y,B, ,JW,1:24:00, 
KBBX,12/29/2016,winter,y,B, ,JW,1:28:00, 
KBBX,12/30/2016,winter,y,B, ,JW,1:24:00, 
KBBX,12/31/2016,winter,y,B, ,JW,1:28:00, 
KBBX,1/1/2017,winter,n,C,P,JW, , 
KBBX,1/2/2017,winter,n,C,P,JW, , 
KBBX,1/3/2017,winter,n,C,P,JW, , 
KBBX,1/4/2017,winter,n,C,P,JW, , 
KBBX,1/5/2017,winter,y,B, ,JW,1:34:00, 
KBBX,1/6/2017,winter,n,C,P,JW, , 
KBBX,1/7/2017,winter,n,C,P,JW, , 
KBBX,1/8/2017,winter,n,C,P,JW, , 
KBBX,1/9/2017,winter,n,C,P,JW, , 
KBBX,1/10/2017,winter,n,C,P,JW, , 
KBBX,1/11/2017,winter,n,C,P,JW, , 
KBBX,1/12/2017,winter,n,C,P,JW, , 
KBBX,1/13/2017,winter,y,B, ,JW,1:42:00, 
KBBX,1/14/2017,winter,y,B, ,JW,1:44:00, 
KBBX,1/15/2017,winter,y,B, ,JW,1:47:00, 
KBBX,1/16/2017,winter,y,B, ,JW,1:42:00, 
KBBX,1/17/2017,winter,n,C,P,JW, , 
KBBX,1/18/2017,winter,n,C,P,JW, , 
KBBX,1/19/2017,winter,n,C,P,JW, , 
KBBX,1/20/2017,winter,n,C,P,JW, , 
KBBX,1/21/2017,winter,n,C,P,JW, , 
KBBX,1/22/2017,winter,n,C,P,JW, , 
KBBX,1/23/2017,winter,n,C,P,JW, , 
KBBX,1/24/2017,winter,y,B, ,JW,1:55:00, 
KBBX,1/25/2017,winter,y,B, ,JW,1:52:00, 
KBBX,1/26/2017,winter,y,B, ,JW,1:55:00, 
KBBX,1/27/2017,winter,y,B, ,JW,1:58:00, 
KBBX,1/28/2017,winter,y,B, ,JW,2:00:00, 
KBBX,1/29/2017,winter,y,B, ,JW,1:53:00, 
KBBX,1/30/2017,winter,y,B, ,JW,1:55:00, 
KBBX,1/31/2017,winter,n,ND, ,JW, , 
KBBX,2/1/2017,winter,n,ND, ,JW, , 
KBBX,2/2/2017,winter,n,C,P,JW, , 
KBBX,2/3/2017,winter,n,C,P,JW, , 
KBBX,2/4/2017,winter,n,ND, ,JW, , 
KBBX,2/5/2017,winter,n,C,P,JW, , 
KBBX,2/6/2017,winter,n,C,P,JW, , 
KBBX,2/7/2017,winter,y,B, ,JW,2:05:00, 
KBBX,2/8/2017,winter,n,C,P,JW, , 
KBBX,2/9/2017,winter,n,C,P,JW, , 
KBBX,2/10/2017,winter,n,C,P,JW, , 
KBBX,2/11/2017,winter,y,B, ,JW,2:02:00, 
KBBX,2/12/2017,winter,n,C,CL,JW,2:02:00,
KBBX,2/13/2017,winter,y,B, ,JW,2:03:00, 
KBBX,2/14/2017,winter,y,B, ,JW,2:04:00, 
KBBX,2/15/2017,winter,n,C,P,JW, , 
KBBX,2/16/2017,winter,y,B, ,JW,2:12:00, 
KBBX,2/17/2017,winter,n,C,P,JW, , 
KBBX,2/18/2017,winter,y,B, ,JW,2:18:00, 
KBBX,2/19/2017,winter,n,C,P,JW, , 
KBBX,2/20/2017,winter,n,C,P,JW, , 
KBBX,2/21/2017,winter,n,C,P,JW, , 
KBBX,2/22/2017,winter,n,C,P,JW, , 
KBBX,2/23/2017,winter,y,B, ,JW,2:24:00, 
KBBX,2/24/2017,winter,n,C,P,JW, , 
KBBX,2/25/2017,winter,y,B, ,JW,2:30:00, 
KBBX,2/26/2017,winter,n,C,P,JW, , 
KBBX,2/27/2017,winter,n,C,P,JW,2:34:00,
KBBX,2/28/2017,winter,y,B, ,JW,2:31:00, 
